Years,"Violent 
crime1","Violent 
crime 
rate","Murder and 
nonnegligent 
manslaughter","Murder and 
nonnegligent 
manslaughter 
rate","Rape
(revised 
definition2)","Rape
(revised 
definition) 
rate2","Rape
(legacy 
definition3)","Rape
(legacy 
definition) 
rate3",Robbery,"Robbery 
rate","Aggravated 
assault","Aggravated 
assault rate","Property 
crime","Property 
crime 
rate",Burglary,"Burglary 
rate","Larceny-
theft","Larceny-
theft rate","Motor 
vehicle 
theft","Motor 
vehicle 
theft 
rate"
2016/2015,4.1,3.4,8.6,7.9,3.5,2.8,4.9,4.2,1.2,0.5,5.1,4.4,-1.3,-2,-4.6,-5.2,-1.5,-2.2,7.4,6.6
2016/2012,2.6,-0.4,16.1,12.8,NA,NA,12.4,9.2,-6.4,-9.1,5.4,2.4,-12,-14.5,-28.2,-30.2,-8.6,-11.2,5.8,2.8
2016/2007,-12.3,-18.1,0.7,-6,NA,NA,3.9,-3,-25.7,-30.7,-7.3,-13.5,-19.9,-25.2,-30.8,-35.4,-14.5,-20.2,-30.4,-35.1
NA,NA,NA,NA,NA,NA,NA,NA,NA,NA,NA,NA,NA,NA,NA,NA,NA,NA,NA,NA,NA
NA,NA,NA,NA,NA,NA,NA,NA,NA,NA,NA,NA,NA,NA,NA,NA,NA,NA,NA,NA,NA
NA,NA,NA,NA,NA,NA,NA,NA,NA,NA,NA,NA,NA,NA,NA,NA,NA,NA,NA,NA,NA
NA,NA,NA,NA,NA,NA,NA,NA,NA,NA,NA,NA,NA,NA,NA,NA,NA,NA,NA,NA,NA
NA,NA,NA,NA,NA,NA,NA,NA,NA,NA,NA,NA,NA,NA,NA,NA,NA,NA,NA,NA,NA
NA,NA,NA,NA,NA,NA,NA,NA,NA,NA,NA,NA,NA,NA,NA,NA,NA,NA,NA,NA,NA
NA,NA,NA,NA,NA,NA,NA,NA,NA,NA,NA,NA,NA,NA,NA,NA,NA,NA,NA,NA,NA
NA,NA,NA,NA,NA,NA,NA,NA,NA,NA,NA,NA,NA,NA,NA,NA,NA,NA,NA,NA,NA
